dt,val
2024-11-25 13:18:04.056,54.33696231515912
2024-11-25 13:18:09.000,54.33749192413689
2024-11-25 13:38:34.000,54.5275158904272
2024-11-25 13:49:43.000,54.67415112314819
2024-11-25 13:52:07.000,54.55161314684082
2024-11-25 13:52:16.000,54.54335578760291
2024-11-25 13:52:27.000,54.533298813214934
2024-11-25 14:10:59.000,54.49594648459474
2024-11-25 14:26:04.000,54.730487565393766
2024-11-25 14:26:14.000,54.738206063786514
2024-11-25 14:59:08.000,54.555527318958724
2024-11-25 15:00:11.000,54.626365447784565
2024-11-25 15:00:19.000,54.63449076810146
2024-11-25 15:14:45.000,54.153960650263954
2024-11-25 15:34:08.000,54.6765742355409
2024-11-25 15:34:17.000,54.68023519214387
2024-11-25 15:34:28.000,54.68466647893874
2024-11-25 15:38:04.000,54.75641811621802
2024-11-25 15:44:56.000,54.80941195675968
2024-11-25 16:08:13.000,55.12431802710124
2024-11-25 16:08:24.000,55.1282228443615
2024-11-25 16:14:04.000,55.04414381987275
2024-11-25 16:24:42.000,54.81593849148273
2024-11-25 16:42:22.000,54.47296992470397
2024-11-25 16:42:32.000,54.477797625797514
2024-11-25 16:52:39.000,55.00800400261838
2024-11-25 17:14:05.000,54.28612667955974
2024-11-25 17:16:19.000,54.26812605259932
2024-11-25 17:16:30.000,54.26997474519798
2024-11-25 17:25:35.000,54.755875412804514
2024-11-25 17:37:35.000,54.19372749629063
2024-11-25 17:50:27.000,54.436295782146715
2024-11-25 17:50:37.000,54.440729178673394
2024-11-25 17:59:01.000,54.63634314600152
2024-11-25 18:19:15.000,54.793601546361806
2024-11-25 18:24:33.000,54.81139265788186
2024-11-25 18:24:43.000,54.81368778119993
2024-11-25 18:24:53.000,54.816149187777704
2024-11-25 18:44:48.000,54.651035801956674
2024-11-25 18:58:31.000,54.773567120006696
2024-11-25 18:58:41.000,54.76159897626178
2024-11-25 19:14:48.000,54.97749648927249
2024-11-25 19:32:38.000,54.54115588843084
2024-11-25 19:32:48.000,54.53635068976098
2024-11-25 19:33:09.000,54.525854224147416
2024-11-25 19:41:53.000,54.40543011111017
2024-11-25 20:06:36.000,54.3925544294068
2024-11-25 20:06:45.000,54.397279284993
2024-11-25 20:27:20.000,55.005150340284125
2024-11-25 20:34:42.000,55.06682468659745
2024-11-25 20:40:42.000,55.13390775263439
2024-11-25 20:40:53.000,55.13530146972945
2024-11-25 20:50:17.000,55.21247861654807
2024-11-25 21:03:52.000,55.23964871944393
2024-11-25 21:14:49.000,55.22826118441527
2024-11-25 21:14:59.000,55.2361213206551
2024-11-25 21:20:09.000,55.289517935489485
2024-11-25 21:42:15.000,55.314504777999595
2024-11-25 21:48:46.000,55.01534814981793
2024-11-25 21:48:57.000,55.00868489438068
2024-11-25 21:50:49.000,54.95310676285056
2024-11-25 21:59:04.000,54.7222429000055
2024-11-25 22:22:54.000,54.64844396802542
2024-11-25 22:23:01.000,54.6395384591178
2024-11-25 22:35:55.000,54.6166268603251
2024-11-25 22:54:37.000,54.89703506153549
2024-11-25 22:56:51.000,54.89396765990307
2024-11-25 22:57:01.000,54.89389158390897
2024-11-25 23:10:13.000,54.887099979350346
2024-11-25 23:18:06.000,55.0086240016283
2024-11-25 23:30:57.000,54.6526104754098
2024-11-25 23:31:07.000,54.645374333356976
2024-11-25 23:43:06.000,54.803288464153816
2024-11-25 23:52:43.000,54.21543374707081
2024-11-26 00:05:04.000,54.707489497908945
2024-11-26 00:05:14.000,54.70440359277574
2024-11-26 00:12:16.000,54.37382544255448
2024-11-26 00:29:35.000,53.91985799288169
2024-11-26 00:39:00.000,54.39550090000152
2024-11-26 00:39:09.000,54.39608660056978
2024-11-26 00:45:11.000,54.08787926648359
2024-11-26 01:05:35.000,54.09838818212619
2024-11-26 01:13:08.000,54.26120108323627
2024-11-26 01:13:18.000,54.263780137643224
2024-11-26 01:39:11.000,54.47619865170939
2024-11-26 01:47:04.000,54.66646909264121
2024-11-26 01:47:15.000,54.66433637330636
2024-11-26 01:47:25.000,54.66199152518549
2024-11-26 01:49:18.000,54.60965535532038
2024-11-26 02:02:08.000,54.454701884864555
2024-11-26 02:21:11.000,54.28316924530669
2024-11-26 02:21:21.000,54.2963511941535
2024-11-26 02:26:50.000,54.67966696161317
2024-11-26 02:50:19.000,54.123234180331494
2024-11-26 02:55:17.000,54.240292047520335
2024-11-26 02:55:28.000,54.251731737410566
2024-11-26 03:20:27.000,54.28066648832573
2024-11-26 03:29:19.000,54.61001945530854
2024-11-26 03:29:29.000,54.6149174774927
2024-11-26 03:30:28.000,54.643714976770916
2024-11-26 03:52:05.000,55.01335455430366
2024-11-26 04:03:24.000,55.152144532449135
2024-11-26 04:03:34.000,55.15783677713673
2024-11-26 04:05:58.000,55.24811923988482
2024-11-26 04:30:57.000,55.28702099678307
2024-11-26 04:37:26.000,54.914328883196205
2024-11-26 04:37:36.000,54.90314811613806
2024-11-26 05:06:09.000,54.94353649321795
2024-11-26 05:11:16.000,54.79151209529051
2024-11-26 05:11:26.000,54.78537153781191
2024-11-26 05:11:36.000,54.77926866607851
2024-11-26 05:25:56.000,55.21023609492163
2024-11-26 05:35:01.000,54.80232172349657
2024-11-26 05:45:38.000,54.74820661075881
2024-11-26 05:45:49.000,54.75524167249549
2024-11-26 05:48:02.000,54.83652620052111
2024-11-26 06:01:50.000,55.16326571835398
2024-11-26 06:19:37.000,55.26385674230911
2024-11-26 06:19:48.000,55.26363373458541
2024-11-26 06:37:21.000,55.428355474309434
2024-11-26 06:47:25.000,55.10854603220043
2024-11-26 06:53:44.000,55.343874437543334
2024-11-26 06:53:55.000,55.345096704998554
2024-11-26 07:01:07.000,54.96431345464267
2024-11-26 07:10:33.000,55.06001897997788
2024-11-26 07:27:41.000,54.92841208076336
2024-11-26 07:27:52.000,54.92461156165959
2024-11-26 07:36:04.000,54.683527857118285
2024-11-26 08:00:28.000,54.58478717552492
2024-11-26 08:01:49.000,54.52054963911708
2024-11-26 08:02:01.000,54.513385399825054
2024-11-26 08:22:54.000,54.959995331216504
2024-11-26 08:34:03.000,55.04711667237531
2024-11-26 08:35:46.000,55.05739618006567
2024-11-26 08:35:56.000,55.058585311328336
2024-11-26 08:38:10.000,55.07569451455054
2024-11-26 08:46:34.000,55.08641765357938
2024-11-26 09:09:52.000,54.874502162246934
2024-11-26 09:10:02.000,54.87568355544742
2024-11-26 09:14:30.000,55.03023054892201
2024-11-26 09:22:02.000,54.97983811854785
2024-11-26 09:43:59.000,54.974289295358645
2024-11-26 09:44:09.000,54.96582240885343
2024-11-26 09:55:07.000,54.56735963019085
2024-11-26 10:04:53.000,54.29773431150613
2024-11-26 10:18:04.000,54.700487748508934
2024-11-26 10:18:14.000,54.69086153888873
2024-11-26 10:19:47.000,54.58345495051902
2024-11-26 10:34:37.000,54.256869220207044
2024-11-26 10:52:07.000,54.59326336308969
2024-11-26 10:52:17.000,54.593784946853994
2024-11-26 10:58:56.000,54.60099793706583
2024-11-26 11:18:46.000,54.77083293072512
2024-11-26 11:26:01.000,54.706983444442294
2024-11-26 11:26:11.000,54.698114179524325
2024-11-26 11:40:24.000,54.5987345809544
2024-11-26 12:00:07.000,54.435835732385904
2024-11-26 12:00:17.000,54.447323100694135
2024-11-26 12:05:47.000,54.57570996067606
2024-11-26 12:11:57.000,54.29376551120801
2024-11-26 12:34:14.000,54.160251553975925
2024-11-26 12:34:23.000,54.17117787089432
2024-11-26 12:50:39.000,53.78678680779549
2024-11-26 13:01:37.000,54.06582318419487
2024-11-26 13:08:18.000,54.245349730480626
2024-11-26 13:08:28.000,54.249647245430474
2024-11-26 13:29:42.000,54.51994027369885
2024-11-26 13:36:33.000,54.559081076208024
2024-11-26 13:42:22.000,54.73742038452733
2024-11-26 13:42:33.000,54.744032382319965
2024-11-26 13:44:26.000,54.80129838749936
2024-11-26 14:16:26.000,54.263878047259595
2024-11-26 14:16:35.000,54.26219235788351
2024-11-26 14:18:50.000,54.2997408592192
2024-11-26 14:50:10.000,54.25019264886106
2024-11-26 14:50:30.000,54.24516234835279
2024-11-26 14:50:39.000,54.24333873254144
2024-11-26 14:56:09.000,54.410001915151554
2024-11-26 15:16:31.000,54.22113113178461
2024-11-26 15:24:23.000,54.48289096360252
2024-11-26 15:24:34.000,54.48936127071585
2024-11-26 15:26:46.000,54.559599996348936
2024-11-26 15:47:50.000,54.90960032594359
2024-11-26 15:58:27.000,54.967605627450254
2024-11-26 15:58:37.000,54.968272020436295
2024-11-26 16:05:18.000,55.110734923980985
2024-11-26 16:25:19.000,54.92063131279269
2024-11-26 16:32:31.000,55.03105787459457
2024-11-26 16:32:41.000,55.0231926413061
2024-11-26 16:46:22.000,54.78980437446323
2024-11-26 17:02:07.000,54.70999695524437
2024-11-26 17:06:34.000,54.61280519621598
2024-11-26 17:06:45.000,54.608476949499035
2024-11-26 17:12:44.000,54.40141555680546
2024-11-26 17:30:51.000,54.73909239344713
2024-11-26 17:40:37.000,54.2155288640939
2024-11-26 17:40:47.000,54.21656837241102
2024-11-26 17:45:03.000,54.3296788083544
2024-11-26 18:01:48.000,54.75735454396297
2024-11-26 18:14:49.000,54.846399953402255
2024-11-26 18:15:01.000,54.84805707432368
2024-11-26 18:25:04.000,54.89034918364186
2024-11-26 18:48:30.000,54.79707712588858
2024-11-26 18:48:43.000,54.80686477572537
2024-11-26 18:48:54.000,54.81540407724484
2024-11-26 18:55:14.000,55.000471144836425
2024-11-26 19:13:12.000,54.97003494036677
2024-11-26 19:22:47.000,54.85197916387558
2024-11-26 19:22:57.000,54.84453311961097
2024-11-26 19:32:22.000,54.61554100955826
2024-11-26 19:56:51.000,54.75382286234765
2024-11-26 19:57:01.000,54.741141149927486
2024-11-26 20:06:44.000,54.46150332038711
2024-11-26 20:28:59.000,55.08561004964283
2024-11-26 20:30:53.000,55.099466606147196
2024-11-26 20:31:03.000,55.10056725685442
2024-11-26 20:52:49.000,55.35524386509362
2024-11-26 21:01:11.000,55.43587355589149
2024-11-26 21:04:55.000,55.24131862107177
2024-11-26 21:05:06.000,55.23126208167703
2024-11-26 21:05:36.000,55.20479591052164
2024-11-26 21:28:04.000,54.859246483606135
2024-11-26 21:39:08.000,55.39025020260798
2024-11-26 21:39:17.000,55.39353932505234
2024-11-26 21:48:29.000,55.08431032884306
2024-11-26 22:04:19.000,54.65424485239295
2024-11-26 22:13:10.000,55.11246279058729
2024-11-26 22:13:20.000,55.1190518467333
2024-11-26 22:18:47.000,55.03013847943125
2024-11-26 22:44:19.000,54.85521059437085
2024-11-26 22:47:13.000,54.90696476873052
2024-11-26 22:47:23.000,54.9095732878125
2024-11-26 22:59:17.000,54.950283273472664
2024-11-26 23:21:16.000,55.121156757559326
2024-11-26 23:21:25.000,55.12176924135146
2024-11-26 23:25:11.000,55.039280259913596
2024-11-26 23:34:02.000,54.64038995058604
2024-11-26 23:55:19.000,54.30251303804117
2024-11-26 23:55:29.000,54.309794682671566
2024-11-26 23:59:44.000,54.59388819963205
2024-11-27 00:22:43.000,54.09555099937508
2024-11-27 00:29:20.000,53.96146152601279
2024-11-27 00:29:30.000,53.965510781222704
2024-11-27 00:29:42.000,53.97097000690493
2024-11-27 01:03:14.000,54.088321237965104
2024-11-27 01:03:25.000,54.09286534715071
2024-11-27 01:03:35.000,54.09695220820328
2024-11-27 01:14:59.000,54.33012154291983
2024-11-27 01:25:01.000,54.39522785650632
2024-11-27 01:37:27.000,54.475776647781146
2024-11-27 01:37:35.000,54.4785011961414
2024-11-27 01:51:35.000,54.540039388339814
2024-11-27 02:10:17.000,54.495994896117566
2024-11-27 02:11:30.000,54.40898362109879
2024-11-27 02:11:40.000,54.396518795615414
2024-11-27 02:19:50.000,54.22855288800218
2024-11-27 02:40:05.000,54.40111677673495
2024-11-27 02:45:32.000,54.29662729148799
2024-11-27 02:45:41.000,54.29208499123617
2024-11-27 02:49:37.000,54.174107830688996
2024-11-27 03:13:48.000,54.22519269445955
2024-11-27 03:19:35.000,54.28193331246494
2024-11-27 03:19:45.000,54.28854415205207
2024-11-27 03:34:34.000,54.79803027813762
2024-11-27 03:52:16.000,55.050173602806765
2024-11-27 03:53:37.000,55.06257125625389
2024-11-27 03:53:47.000,55.06381389503431
2024-11-27 04:01:58.000,55.14328363682479
2024-11-27 04:23:44.000,55.067774084601695
2024-11-27 04:27:40.000,55.257793058684726
2024-11-27 04:27:50.000,55.264855566840275
2024-11-27 05:01:22.000,55.07119482478768
2024-11-27 05:01:42.000,55.06156489364927
2024-11-27 05:01:53.000,55.05657219783838
2024-11-27 05:07:50.000,54.93569389030485
2024-11-27 05:27:40.000,55.26155745114039
2024-11-27 05:35:52.000,54.772796202016295
2024-11-27 05:36:03.000,54.76137264296176
2024-11-27 06:05:49.000,55.2206601366733
2024-11-27 06:09:56.000,55.235794810515095
2024-11-27 06:10:06.000,55.23674374158338
2024-11-27 06:11:49.000,55.24876771257368
2024-11-27 06:21:31.000,55.286869170237736
2024-11-27 06:43:59.000,55.11913107619356
2024-11-27 06:44:09.000,55.11524408396191
2024-11-27 07:05:51.000,54.81723414772853
2024-11-27 07:17:59.000,55.338380389238345
2024-11-27 07:18:09.000,55.33355489077248
2024-11-27 07:25:01.000,55.02169048834379
2024-11-27 07:42:07.000,54.66514694037544
2024-11-27 07:52:02.000,55.13819840794603
2024-11-27 07:52:13.000,55.135122278742536
2024-11-27 07:54:25.000,55.04682328738622
2024-11-27 08:12:24.000,54.72698009399913
2024-11-27 08:26:04.000,55.028301503619204
2024-11-27 08:26:15.000,55.030362589304715
2024-11-27 08:33:26.000,55.06115947005173
2024-11-27 08:56:52.000,55.32058796826155
2024-11-27 09:00:07.000,55.2964709573245
2024-11-27 09:00:17.000,55.291356517453316
2024-11-27 09:20:28.000,55.08701862308286
2024-11-27 09:30:12.000,54.57815658640665
2024-11-27 09:34:10.000,54.79882157101639
2024-11-27 09:34:20.000,54.81155311139959
2024-11-27 09:34:29.000,54.823039913025546
2024-11-27 09:54:44.000,54.589161339346894
2024-11-27 10:08:13.000,54.444844484997766
2024-11-27 10:08:23.000,54.455284028695544
2024-11-27 10:21:20.000,54.466542240445634
2024-11-27 10:33:16.000,54.219658008186016
2024-11-27 10:42:17.000,54.45607782738773
2024-11-27 10:42:28.000,54.45971106110473
2024-11-27 10:56:35.000,54.603413564907534
2024-11-27 11:06:29.000,54.632712982868306
2024-11-27 11:16:24.000,54.70549446640532
2024-11-27 11:16:35.000,54.71095421153078
2024-11-27 11:35:17.000,54.40015267221435
2024-11-27 11:42:57.000,54.62142882936166
2024-11-27 11:50:26.000,54.14617840509831
2024-11-27 11:50:36.000,54.13645579602686
2024-11-27 11:53:07.000,54.05664698464892
2024-11-27 12:10:32.000,54.35661618958829
2024-11-27 12:24:29.000,53.91503406785096
2024-11-27 12:24:38.000,53.90978629510341
2024-11-27 12:28:54.000,53.85915184317257
2024-11-27 12:53:24.000,53.764320501334026
2024-11-27 12:58:30.000,53.93464015518865
2024-11-27 12:58:40.000,53.94108390238801
2024-11-27 13:24:32.000,54.437522085490066
2024-11-27 13:32:32.000,54.49693757869652
2024-11-27 13:32:42.000,54.497286099140176
2024-11-27 13:34:34.000,54.50408511979369
2024-11-27 13:53:27.000,54.51647655309876
2024-11-27 14:06:34.000,54.717545456876586
2024-11-27 14:06:44.000,54.716720540914345
2024-11-27 14:11:10.000,54.51222077326041
2024-11-27 14:36:51.000,54.518752201220124
2024-11-27 14:40:45.000,54.43682736928734
2024-11-27 14:40:56.000,54.43407172352058
2024-11-27 14:41:06.000,54.43155518259465
2024-11-27 14:59:18.000,54.57975217004574
2024-11-27 15:14:48.000,54.159754455146256
2024-11-27 15:14:58.000,54.15693429500787
2024-11-27 15:34:42.000,54.689759073719664
2024-11-27 15:40:19.000,54.7796815879058
2024-11-27 15:48:50.000,54.83811803557607
2024-11-27 15:49:00.000,54.83984151666845
2024-11-27 16:12:18.000,55.10125216734695
2024-11-27 16:20:18.000,54.72712211013995
2024-11-27 16:22:51.000,54.73332720725903
2024-11-27 16:23:01.000,54.737377699132345
2024-11-27 16:26:36.000,54.88687776817464
2024-11-27 16:50:56.000,54.94823959091919
2024-11-27 16:56:53.000,54.813360383269135
2024-11-27 16:57:03.000,54.80454636422315
2024-11-27 17:03:00.000,54.55767112500792
2024-11-27 17:27:00.000,54.71073105369315
2024-11-27 17:30:54.000,54.58153396375627
2024-11-27 17:31:05.000,54.569092697896544
2024-11-27 17:32:06.000,54.49384683746562
2024-11-27 17:41:38.000,54.063533029626015
2024-11-27 18:04:57.000,54.60120395933489
2024-11-27 18:05:07.000,54.60187087752417
2024-11-27 18:16:52.000,54.66570099125454
2024-11-27 18:38:49.000,54.76877560796972
2024-11-27 18:38:59.000,54.7595233376249
2024-11-27 18:39:09.000,54.75013386850982
2024-11-27 18:39:50.000,54.71064852486192
2024-11-27 18:47:18.000,54.530040550913114
2024-11-27 19:13:09.000,54.72339478100613
2024-11-27 19:13:22.000,54.73611926285276
2024-11-27 19:35:18.000,54.25706447503355
2024-11-27 19:47:13.000,54.55055255603468
2024-11-27 19:47:23.000,54.56223386237883
2024-11-27 19:56:35.000,54.4924313203713
2024-11-27 20:19:54.000,54.60350369029781
2024-11-27 20:21:16.000,54.63923516118409
2024-11-27 20:21:26.000,54.64352962366429
2024-11-27 20:25:52.000,54.74002236617427
2024-11-27 20:44:45.000,54.88869378257057
2024-11-27 20:55:18.000,55.109677027163826
2024-11-27 20:55:29.000,55.115060444564214
2024-11-27 21:06:02.000,54.84114763685795
2024-11-27 21:23:55.000,54.74927427752568
2024-11-27 21:29:20.000,54.480384781867365
2024-11-27 21:29:32.000,54.481423037121594
2024-11-27 21:33:57.000,54.70112259374801
2024-11-27 21:52:51.000,54.56864653806023
2024-11-27 22:03:23.000,54.24039226106824
2024-11-27 22:03:34.000,54.23909594731911
2024-11-27 22:37:16.000,54.24796180481925
2024-11-27 22:37:26.000,54.25204294264139
2024-11-27 22:37:36.000,54.25604536338147
2024-11-27 22:37:56.000,54.263821170471104
2024-11-27 22:43:32.000,54.369619613398875
2024-11-27 23:11:28.000,54.4281522931257
2024-11-27 23:11:38.000,54.42820390885256
2024-11-27 23:32:55.000,54.10466788440445
2024-11-27 23:41:46.000,54.31415499976298
2024-11-27 23:45:31.000,54.18344202074177
2024-11-27 23:45:41.000,54.17183458129196
2024-11-27 23:52:26.000,53.70272062354222
2024-11-28 00:19:22.000,53.61307624444693
2024-11-28 00:19:32.000,53.60782656398412
2024-11-28 00:19:42.000,53.60244607088611
2024-11-28 00:20:24.000,53.578386025162175
2024-11-28 00:53:35.000,53.13444472328372
2024-11-28 00:53:45.000,53.137029706859806
2024-11-28 01:02:16.000,53.39601351748636
2024-11-28 01:27:47.000,53.71803362463324
2024-11-28 01:27:58.000,53.719181341132256
2024-11-28 01:45:50.000,53.98270499162104
2024-11-28 01:52:28.000,53.7522560454899
2024-11-28 02:01:49.000,53.728302720928674
2024-11-28 02:02:00.000,53.73762865232445
2024-11-28 02:09:19.000,53.79271526931463
2024-11-28 02:35:52.000,53.688199083651824
2024-11-28 02:36:02.000,53.681860034336545
2024-11-28 02:54:15.000,53.37654116553484
2024-11-28 03:09:55.000,53.56747370504392
2024-11-28 03:10:05.000,53.55501393423773
2024-11-28 03:10:25.000,53.53046328156739
2024-11-28 03:41:14.000,53.98902866480289
2024-11-28 03:43:57.000,54.00830894506092
2024-11-28 03:44:07.000,54.0094909271982
2024-11-28 04:12:08.000,54.376018289066835
2024-11-28 04:17:45.000,54.10456998918801
2024-11-28 04:17:57.000,54.09477861526874
2024-11-28 04:18:07.000,54.08689503519165
2024-11-28 04:20:10.000,54.01754105100972
2024-11-28 04:50:37.000,54.30029033809173
2024-11-28 04:51:59.000,54.32898579603157
2024-11-28 04:52:10.000,54.33009796123872
2024-11-28 05:13:24.000,53.64398166614449
2024-11-28 05:20:15.000,53.76441868314017
2024-11-28 05:26:04.000,54.11342917304783
2024-11-28 05:26:14.000,54.117528221444935
2024-11-28 05:26:35.000,54.124314800960924
2024-11-28 05:39:41.000,53.479846259056536
2024-11-28 06:00:05.000,53.96888921934991
2024-11-28 06:00:17.000,53.97214010569413
2024-11-28 06:30:27.000,54.2084124724302
2024-11-28 06:34:13.000,54.26949521294364
2024-11-28 06:34:23.000,54.26864414586633
2024-11-28 06:44:19.000,53.83627887872506
2024-11-28 07:06:49.000,53.52488224713066
2024-11-28 07:08:11.000,53.58990421360858
2024-11-28 07:08:21.000,53.59995683896859
2024-11-28 07:14:43.000,54.005207247264984
2024-11-28 07:35:28.000,53.355539548842415
2024-11-28 07:42:19.000,53.288700006870585
2024-11-28 07:42:30.000,53.296132625807644
2024-11-28 07:50:43.000,53.73909411543883
2024-11-28 08:16:26.000,53.38594473120009
2024-11-28 08:16:37.000,53.389812413170176
2024-11-28 08:19:42.000,53.45330840483422
2024-11-28 08:27:15.000,53.570812645966136
2024-11-28 08:50:24.000,53.63173105245437
2024-11-28 08:50:34.000,53.63517992673638
2024-11-28 08:53:28.000,53.71431208480928
2024-11-28 09:16:39.000,53.56248944897415
2024-11-28 09:24:32.000,53.219149228169684
2024-11-28 09:24:43.000,53.20415388625695
2024-11-28 09:36:43.000,53.38308815181773
2024-11-28 09:43:14.000,53.41019272051184
2024-11-28 09:58:30.000,52.817960450727924
2024-11-28 09:58:40.000,52.81071777584636
2024-11-28 10:13:26.000,53.09298152723845
2024-11-28 10:32:18.000,52.48263358979961
2024-11-28 10:32:38.000,52.493016102272385
2024-11-28 10:32:49.000,52.49883383713885
2024-11-28 10:34:12.000,52.54361280669076
2024-11-28 10:58:14.000,52.85269526549185
2024-11-28 11:06:38.000,52.86312350915813
2024-11-28 11:06:48.000,52.86230733258237
2024-11-28 11:16:35.000,52.92303546055346
2024-11-28 11:38:43.000,52.710473105278886
2024-11-28 11:40:36.000,52.77569282823679
2024-11-28 11:40:47.000,52.77980181646085
2024-11-28 11:40:57.000,52.78308985481419
2024-11-28 12:13:32.000,52.34253914441929
2024-11-28 12:14:44.000,52.30673475757184
2024-11-28 12:14:54.000,52.30238542810892
2024-11-28 12:15:46.000,52.281578192151024
2024-11-28 12:34:48.000,52.267102477600574
2024-11-28 12:48:52.000,51.88956011439427
2024-11-28 12:49:01.000,51.88199144720934
2024-11-28 12:50:55.000,51.816056493570144
2024-11-28 13:07:25.000,52.22496658859832
2024-11-28 13:22:53.000,52.42109366530375
2024-11-28 13:23:02.000,52.42235651654649
2024-11-28 13:47:05.000,52.747114531056596
2024-11-28 13:56:52.000,52.35791345521763
2024-11-28 13:57:03.000,52.35688220657286
2024-11-28 14:05:06.000,52.636231327594636
2024-11-28 14:26:22.000,52.6690016990866
2024-11-28 14:31:00.000,52.66101354791218
2024-11-28 14:31:09.000,52.65531183799412
2024-11-28 14:34:36.000,52.49413071537696
2024-11-28 15:04:57.000,52.56747075064412
2024-11-28 15:05:07.000,52.56198250209491
2024-11-28 15:16:26.000,51.97167106223315
2024-11-28 15:38:44.000,52.549627857880985
2024-11-28 15:39:03.000,52.55289494473862
2024-11-28 15:39:15.000,52.554804262802826
2024-11-28 16:01:00.000,52.6558833452619
2024-11-28 16:13:12.000,52.800369876545936
2024-11-28 16:13:22.000,52.79308897011419
2024-11-28 16:19:43.000,52.461830631257925
2024-11-28 16:29:27.000,52.68818206866851
2024-11-28 16:47:09.000,52.42560954632595
2024-11-28 16:47:19.000,52.438122116276475
2024-11-28 16:47:30.000,52.451865070315584
2024-11-28 16:58:38.000,52.40804474335403
2024-11-28 17:21:17.000,52.103999637977154
2024-11-28 17:21:27.000,52.11567630921654
2024-11-28 17:24:22.000,52.30799673568734
2024-11-28 17:49:35.000,51.990783704804706
2024-11-28 17:55:14.000,52.12307417848751
2024-11-28 17:55:25.000,52.12711775337568
2024-11-28 18:14:37.000,52.32245363389074
2024-11-28 18:22:41.000,52.336275088892414
2024-11-28 18:29:21.000,52.47123859503686
2024-11-28 18:29:32.000,52.477454426179115
2024-11-28 18:37:16.000,52.510216104066565
2024-11-28 19:03:10.000,51.95103325846757
2024-11-28 19:03:20.000,51.94409363228809
2024-11-28 19:03:30.000,51.93771574644095
2024-11-28 19:04:41.000,51.90981001223543
2024-11-28 19:37:18.000,51.8443311067888
2024-11-28 19:37:28.000,51.83994926164686
2024-11-28 19:37:39.000,51.835414724196404
2024-11-28 19:43:08.000,51.91337233182651
2024-11-28 20:08:51.000,51.89444994827654
2024-11-28 20:11:34.000,52.002930387688174
2024-11-28 20:11:46.000,52.01043547855542
2024-11-28 20:19:29.000,52.23582640502915
2024-11-28 20:43:17.000,52.52505636531078
2024-11-28 20:45:33.000,52.52766010776689
2024-11-28 20:45:43.000,52.52801978372471
2024-11-28 20:56:41.000,52.77907478518784
2024-11-28 21:19:39.000,52.64218673144481
2024-11-28 21:19:50.000,52.63653538563689
2024-11-28 21:27:11.000,52.1578208488963
2024-11-28 21:46:25.000,52.442926869043625
2024-11-28 21:53:37.000,52.21575716394424
2024-11-28 21:53:47.000,52.21221275433718
2024-11-28 22:05:58.000,51.95066864948114
2024-11-28 22:27:44.000,51.739120396621686
2024-11-28 22:27:55.000,51.7374683434274
2024-11-28 22:40:56.000,52.047089337682486
2024-11-28 22:58:26.000,52.20224657538917
2024-11-28 23:01:41.000,52.21227066390872
2024-11-28 23:01:52.000,52.21295070099613
2024-11-28 23:19:52.000,52.3542866107885
2024-11-28 23:35:49.000,51.92138735330639
2024-11-28 23:35:59.000,51.92659758849624
2024-11-28 23:50:24.000,51.606458610543605
2024-11-29 00:05:18.000,51.99580663029788
2024-11-29 00:09:56.000,51.783329171211754
2024-11-29 00:10:07.000,51.77318379852782
2024-11-29 00:16:17.000,51.5378920691658
2024-11-29 00:27:04.000,51.19121117845694
2024-11-29 00:43:53.000,51.47674831074711
2024-11-29 00:44:04.000,51.46245096070664
2024-11-29 00:50:31.000,51.03883444786197
2024-11-29 00:58:28.000,51.1774910310003
2024-11-29 01:18:01.000,51.58220439727456
2024-11-29 01:18:09.000,51.58272674797838
2024-11-29 01:19:23.000,51.5872450598875
2024-11-29 01:25:23.000,51.629843253119795
2024-11-29 01:52:07.000,51.736968509290726
2024-11-29 01:52:17.000,51.727627362594255
2024-11-29 01:59:10.000,51.587064199058446
2024-11-29 02:26:05.000,51.91026985041789
2024-11-29 02:26:15.000,51.91804601100082
2024-11-29 02:26:36.000,51.93294743968222
2024-11-29 03:00:12.000,51.8755223247995
2024-11-29 03:00:23.000,51.887101810919674
2024-11-29 03:25:25.000,51.77077321142125
2024-11-29 03:34:10.000,52.03893552238196
2024-11-29 03:34:20.000,52.0436303727195
2024-11-29 03:34:41.000,52.05335732731083
2024-11-29 03:42:13.000,52.18773346527211
2024-11-29 04:08:17.000,52.626164355859025
2024-11-29 04:08:28.000,52.63072346359519
2024-11-29 04:16:21.000,52.45048533461184
2024-11-29 04:38:19.000,52.171656500399344
2024-11-29 04:42:15.000,52.108220262726235
2024-11-29 04:42:25.000,52.11325307410778
2024-11-29 04:54:26.000,52.653780965548926
2024-11-29 05:14:09.000,52.029056053629326
2024-11-29 05:16:23.000,52.01923199908789
2024-11-29 05:16:33.000,52.02151596782105
2024-11-29 05:35:14.000,52.12150522106917
2024-11-29 05:46:03.000,52.102900623698616
2024-11-29 05:50:21.000,52.24825482863268
2024-11-29 05:50:31.000,52.252897983454176
2024-11-29 05:52:14.000,52.29766414612583
2024-11-29 06:21:38.000,52.61408052536974
2024-11-29 06:24:33.000,52.62994623607075
2024-11-29 06:24:43.000,52.632104006514815
2024-11-29 06:39:19.000,52.68491650834039
2024-11-29 06:50:08.000,52.58701323648249
2024-11-29 06:58:32.000,52.53305360517446
2024-11-29 06:58:41.000,52.52189084699483
2024-11-29 07:17:57.000,52.69186724522349
2024-11-29 07:25:19.000,52.36734696512829
2024-11-29 07:32:32.000,52.1952549223362
2024-11-29 07:32:42.000,52.189893593671606
2024-11-29 07:40:56.000,51.99433822935583
2024-11-29 07:54:35.000,52.405791320151174
2024-11-29 08:06:37.000,51.902854107576246
2024-11-29 08:06:47.000,51.90740645121592
2024-11-29 08:24:34.000,52.390101396697624
2024-11-29 08:40:11.000,52.49395744798096
2024-11-29 08:40:41.000,52.496082491562696
2024-11-29 08:40:52.000,52.496722561662665
2024-11-29 09:03:42.000,52.5219974239764
2024-11-29 09:14:29.000,52.44853172085975
2024-11-29 09:14:40.000,52.45688235584621
2024-11-29 09:14:51.000,52.46508554346015
2024-11-29 09:16:23.000,52.52314403379299
2024-11-29 09:31:08.000,52.01994212636647
2024-11-29 09:48:48.000,52.16630451549924
2024-11-29 09:53:44.000,52.0362066565146
2024-11-29 09:58:57.000,51.865021108294826
2024-11-29 10:22:38.000,51.795405147920015
2024-11-29 10:22:49.000,51.78110867663566
2024-11-29 10:22:59.000,51.76833262840775
2024-11-29 10:25:33.000,51.61067515366654
2024-11-29 10:52:16.000,52.05048073565807
2024-11-29 10:56:52.000,52.05463170721753
2024-11-29 10:57:04.000,52.05491774857044
2024-11-29 11:14:53.000,52.12409526584131
2024-11-29 11:21:15.000,52.28694097066394
2024-11-29 11:30:59.000,51.8983052545946
2024-11-29 11:31:11.000,51.890384550893614
2024-11-29 11:33:35.000,51.84381001625744
2024-11-29 11:54:20.000,51.54780964353634
2024-11-29 12:04:58.000,52.07580653582907
2024-11-29 12:05:08.000,52.07363370179959
2024-11-29 12:12:07.000,51.77430514843005
2024-11-29 12:21:12.000,51.53731521516168
2024-11-29 12:39:03.000,51.89118299076369
2024-11-29 12:39:15.000,51.892375857678786
2024-11-29 12:47:29.000,51.43343447455877
2024-11-29 13:13:03.000,51.866843463121704
2024-11-29 13:13:13.000,51.869929112248265
2024-11-29 13:13:24.000,51.87322891092966
2024-11-29 13:29:30.000,52.03610343593482
2024-11-29 13:47:09.000,52.34542956015021
2024-11-29 13:47:20.000,52.343341198598026
2024-11-29 13:47:51.000,52.33493818345553
2024-11-29 14:19:04.000,51.846517741719246
2024-11-29 14:21:17.000,51.99103177325981
2024-11-29 14:21:28.000,52.005642648341954
2024-11-29 14:44:27.000,51.96915096725934
2024-11-29 14:53:42.000,51.82826847211013
2024-11-29 14:55:15.000,51.9029414727389
2024-11-29 14:55:26.000,51.91397701545571
2024-11-29 15:09:09.000,52.09801976441682
2024-11-29 15:23:33.000,52.013562762609325
2024-11-29 15:29:22.000,52.19393419839478
2024-11-29 15:29:34.000,52.19922026050267
2024-11-29 15:38:29.000,52.40571068211732
2024-11-29 16:03:20.000,52.622373901299156
2024-11-29 16:03:31.000,52.62796050136637
2024-11-29 16:29:14.000,52.66242284864746
2024-11-29 16:37:28.000,52.270623927029014
2024-11-29 16:37:39.000,52.257836838573496
2024-11-29 16:50:10.000,52.63517428230472
2024-11-29 17:03:02.000,52.28619831738072
2024-11-29 17:11:26.000,52.053210615428924
2024-11-29 17:11:37.000,52.046115105042134
2024-11-29 17:12:08.000,52.02655606846895
2024-11-29 17:45:34.000,51.967486872126514
2024-11-29 17:45:45.000,51.97442998379068
2024-11-29 17:47:58.000,52.054986189221154
2024-11-29 18:03:04.000,52.39824233156749
2024-11-29 18:19:32.000,52.499059172444966
2024-11-29 18:19:42.000,52.499088615119156
2024-11-29 18:53:38.000,52.653769896874905
2024-11-29 18:53:49.000,52.65590025928755
2024-11-29 18:55:31.000,52.64439010503714
2024-11-29 19:05:19.000,52.139995763346754
2024-11-29 19:27:46.000,52.36729679487639
2024-11-29 19:27:57.000,52.36434576358063
2024-11-29 19:41:40.000,52.13451344378317
2024-11-29 20:01:44.000,52.128520503101406
2024-11-29 20:01:54.000,52.12314080757858
2024-11-29 20:02:05.000,52.11772735192697
2024-11-29 20:34:28.000,52.821906663910205
2024-11-29 20:35:52.000,52.83778906870929
2024-11-29 20:36:02.000,52.83982709271392
2024-11-29 20:36:12.000,52.84188847801155
2024-11-29 21:09:29.000,52.80883471574535
2024-11-29 21:09:49.000,52.81089788182414
2024-11-29 21:10:00.000,52.81282691583376
2024-11-29 21:10:10.000,52.8150617927528
2024-11-29 21:20:17.000,53.05945324002402
2024-11-29 21:43:58.000,53.02905943075322
2024-11-29 21:44:08.000,53.021050744213035
2024-11-29 21:57:20.000,52.579015177460356
2024-11-29 22:10:21.000,52.68419207236736
2024-11-29 22:17:54.000,52.823785678213234
2024-11-29 22:18:06.000,52.812893167520464
2024-11-29 22:33:22.000,52.33547254475247
2024-11-29 22:51:22.000,52.7044272787617
2024-11-29 22:52:04.000,52.706875891838045
2024-11-29 22:52:14.000,52.707272575792274
2024-11-29 23:12:59.000,52.71098463232956
2024-11-29 23:20:22.000,52.87988692529324
2024-11-29 23:26:10.000,52.7585182809124
2024-11-29 23:26:21.000,52.74811337391516
2024-11-29 23:38:22.000,52.54958868535886
2024-11-29 23:55:20.000,52.086080279634835
2024-11-30 00:00:06.000,52.40381461680805
2024-11-30 00:00:19.000,52.4180843102487
2024-11-30 00:22:25.000,51.90280373249434
2024-11-30 00:32:02.000,51.877149223003514
2024-11-30 00:34:15.000,52.027094446734054
2024-11-30 00:34:26.000,52.03989150135585
2024-11-30 00:55:00.000,51.630557867223565
2024-11-30 01:08:13.000,52.019218613204636
2024-11-30 01:08:23.000,52.023151456659676
2024-11-30 01:15:25.000,52.15194184524408
2024-11-30 01:30:30.000,52.25947769860125
2024-11-30 01:42:20.000,52.45848081253584
2024-11-30 01:42:31.000,52.464953990688855
2024-11-30 01:54:00.000,52.24553987767407
2024-11-30 02:09:47.000,52.3693627224573
2024-11-30 02:16:18.000,51.98574472582498
2024-11-30 02:16:28.000,51.983517392645695
2024-11-30 02:34:39.000,52.40123275690036
2024-11-30 02:43:24.000,52.20538881135329
2024-11-30 02:50:25.000,52.017503457239684
2024-11-30 02:50:37.000,52.01536877357151
2024-11-30 03:20:07.000,52.16897687091896
2024-11-30 03:24:24.000,52.35172954057621
2024-11-30 03:24:34.000,52.358177925935934
2024-11-30 03:58:33.000,52.96516224713252
2024-11-30 03:58:43.000,52.966555373137865
2024-11-30 04:23:46.000,52.95321519936697
2024-11-30 04:30:58.000,53.20540244940852
2024-11-30 04:32:30.000,53.164297704585785
2024-11-30 04:32:41.000,53.15637555772903
2024-11-30 04:51:54.000,53.28641995329532
2024-11-30 04:57:44.000,53.11510477623691
2024-11-30 05:06:38.000,52.860634551977654
2024-11-30 05:06:49.000,52.85678952947778
2024-11-30 05:10:26.000,52.74987214317836
2024-11-30 05:37:32.000,52.59121086925774
2024-11-30 05:40:36.000,52.54120437023637
2024-11-30 05:40:47.000,52.542593448858845
2024-11-30 05:58:59.000,53.052319771052474
2024-11-30 06:08:15.000,53.14310782519762
2024-11-30 06:14:45.000,53.19040170943176
2024-11-30 06:14:57.000,53.19199959955288
2024-11-30 06:17:52.000,53.206796576067944
2024-11-30 06:29:53.000,53.360755844640046
2024-11-30 06:48:46.000,53.10986271227609
2024-11-30 06:48:56.000,53.11730806591166
2024-11-30 06:55:27.000,53.2811010698099
2024-11-30 07:09:01.000,52.897947613346474
2024-11-30 07:22:54.000,53.04757844083606
2024-11-30 07:23:04.000,53.039626638192146
2024-11-30 07:36:48.000,52.61832695943558
2024-11-30 07:56:52.000,52.815632296092346
2024-11-30 07:57:02.000,52.802214100046406
2024-11-30 07:58:45.000,52.666231047541885
2024-11-30 08:24:38.000,52.96308673745465
2024-11-30 08:30:57.000,53.01103856999155
2024-11-30 08:31:10.000,53.011516876312776
2024-11-30 08:44:11.000,53.06545904016739
2024-11-30 08:54:39.000,53.233069065487
2024-11-30 09:04:55.000,53.01422803563751
2024-11-30 09:05:07.000,53.002541105522766
2024-11-30 09:08:23.000,52.86622657089677
2024-11-30 09:38:55.000,53.056653302413466
2024-11-30 09:39:05.000,53.060606902614275
2024-11-30 09:39:15.000,53.06402589126029
2024-11-30 09:39:25.000,53.06690800346379
2024-11-30 10:05:21.000,52.301002744157636
2024-11-30 10:13:04.000,52.73338230188044
2024-11-30 10:13:14.000,52.740175610327306
2024-11-30 10:19:04.000,52.633960142272045
2024-11-30 10:34:40.000,52.259318031483765
2024-11-30 10:47:12.000,52.5460896517586
2024-11-30 10:47:21.000,52.5486390702253
2024-11-30 10:59:02.000,52.60760325264721
2024-11-30 11:21:09.000,52.82935094932842
2024-11-30 11:21:19.000,52.830698322942254
2024-11-30 11:32:28.000,52.39512552442588
2024-11-30 11:55:16.000,52.118655919158485
2024-11-30 11:55:27.000,52.12717831723487
2024-11-30 11:58:10.000,52.307963604025005
2024-11-30 12:16:33.000,52.186486011394436
2024-11-30 12:29:25.000,51.907450546964355
2024-11-30 12:29:35.000,51.91233664427757
2024-11-30 12:39:21.000,52.4231325099791
2024-11-30 13:00:16.000,52.053954546155275
2024-11-30 13:03:21.000,52.15011337372958
2024-11-30 13:03:32.000,52.15517406277651
2024-11-30 13:16:03.000,52.433865019227795
2024-11-30 13:37:29.000,52.61750056515045
2024-11-30 13:37:39.000,52.62124632542017
2024-11-30 13:41:26.000,52.74423516266375
2024-11-30 13:51:22.000,52.71276862782781
2024-11-30 14:11:26.000,52.5871318571925
2024-11-30 14:11:36.000,52.57471152034671
2024-11-30 14:12:48.000,52.48571115993266
2024-11-30 14:36:38.000,52.634958421220965
2024-11-30 14:45:33.000,52.44567031522594
2024-11-30 14:45:43.000,52.440360407791864
2024-11-30 14:51:53.000,52.29659802295346
2024-11-30 15:15:13.000,52.28478314149589
2024-11-30 15:19:38.000,52.35938194118763
2024-11-30 15:19:51.000,52.367448149827716
2024-11-30 15:39:55.000,52.92168080208631
2024-11-30 15:51:24.000,53.01522278965747
2024-11-30 15:53:38.000,53.03006998895141
2024-11-30 15:53:48.000,53.03072880463899
2024-11-30 16:03:03.000,53.109142381745094
2024-11-30 16:12:29.000,53.25958098221298
2024-11-30 16:27:44.000,53.10875519311564
2024-11-30 16:27:54.000,53.11513218205966
2024-11-30 16:33:55.000,53.029160252220365
2024-11-30 16:48:29.000,53.02956654559522
2024-11-30 17:01:42.000,52.80622711144891
2024-11-30 17:01:53.000,52.80076326614106
2024-11-30 17:08:14.000,52.65337078397324
2024-11-30 17:23:40.000,52.823862083082155
2024-11-30 17:35:49.000,52.456144355427256
2024-11-30 17:36:01.000,52.44335995222328
2024-11-30 17:54:32.000,52.70631071948893
2024-11-30 18:09:56.000,52.90787171255513
2024-11-30 18:10:08.000,52.90915273532999
2024-11-30 18:18:43.000,52.96999403746497
2024-11-30 18:29:00.000,53.105101422149346
2024-11-30 18:43:55.000,52.84735166384077
2024-11-30 18:44:05.000,52.8437038567038
2024-11-30 18:48:54.000,52.92868941929435
2024-11-30 19:17:52.000,53.179534053982906
2024-11-30 19:18:03.000,53.17524010881163
2024-11-30 19:18:13.000,53.17092702002373
2024-11-30 19:23:11.000,52.95708644148149
2024-11-30 19:38:07.000,52.56542908030942
2024-11-30 19:52:01.000,53.13001956856433
2024-11-30 19:52:10.000,53.12834104028153
2024-11-30 19:52:21.000,53.125647459505174
2024-11-30 20:12:15.000,52.81478118391979
2024-11-30 20:26:08.000,53.1916505121168
2024-11-30 20:26:18.000,53.19432815058169
2024-11-30 20:47:54.000,53.37624146391137
2024-11-30 20:57:20.000,53.63682380619759
2024-11-30 21:00:05.000,53.62078539429213
2024-11-30 21:00:14.000,53.6169168626567
2024-11-30 21:10:22.000,53.26003257945016
2024-11-30 21:18:15.000,53.53976944075485
2024-11-30 21:34:12.000,53.25175684829644
2024-11-30 21:34:22.000,53.26499941887173
2024-11-30 21:48:05.000,53.263177367266294
2024-11-30 21:56:39.000,53.036534908052445
2024-11-30 22:08:18.000,52.97463454198955
2024-11-30 22:08:27.000,52.98431586951288
2024-11-30 22:18:03.000,53.246120512856635
2024-11-30 22:39:52.000,52.94641666624406
2024-11-30 22:42:15.000,52.993525205071236
2024-11-30 22:42:26.000,52.99706918666221
2024-11-30 22:51:52.000,53.13138205688908
2024-11-30 23:10:13.000,53.1254604803023
2024-11-30 23:16:23.000,53.19968706158907
2024-11-30 23:16:33.000,53.20430807208859
2024-11-30 23:31:08.000,52.88745905723123
2024-11-30 23:46:12.000,52.88844607321743
2024-11-30 23:50:29.000,52.55206614389371
2024-11-30 23:50:41.000,52.54003722358773
2024-11-30 23:58:03.000,52.66932087834543
2024-12-01 00:24:17.000,52.23631588181585
2024-12-01 00:24:27.000,52.229846678497076
2024-12-01 00:24:38.000,52.22289556448723
2024-12-01 00:35:05.000,52.49289321502263
2024-12-01 00:47:06.000,52.1942811292816
2024-12-01 00:58:35.000,52.16196008318424
2024-12-01 00:58:45.000,52.16800118924685
2024-12-01 01:15:03.000,52.55065238960999
2024-12-01 01:32:31.000,52.66214258586715
2024-12-01 01:32:43.000,52.662342439144886
2024-12-01 01:33:24.000,52.66331566768854
2024-12-01 01:58:16.000,52.57092035243906
2024-12-01 02:06:40.000,52.871245798472806
2024-12-01 02:06:50.000,52.870166780002144
2024-12-01 02:07:01.000,52.86833311064681
2024-12-01 02:24:39.000,52.842078586916216
2024-12-01 02:40:36.000,52.637638335163516
2024-12-01 02:40:48.000,52.63505601127359
2024-12-01 02:44:33.000,52.568742112115714
2024-12-01 02:59:39.000,52.85068725147985
2024-12-01 03:14:41.000,52.456976847971816
2024-12-01 03:14:55.000,52.453533233087974
2024-12-01 03:37:22.000,53.1249218273955
2024-12-01 03:48:10.000,53.257426203368155
2024-12-01 03:48:51.000,53.26728963386132
2024-12-01 03:49:02.000,53.26996759511317
2024-12-01 03:52:27.000,53.31539987657093
2024-12-01 04:22:27.000,53.30039402552334
2024-12-01 04:22:48.000,53.30879874890703
2024-12-01 04:22:58.000,53.3134457377601
2024-12-01 04:50:05.000,53.62105030273897
2024-12-01 04:56:56.000,53.54150476147461
2024-12-01 04:57:07.000,53.53255433852246
2024-12-01 05:12:23.000,53.06659197153201
2024-12-01 05:20:26.000,53.18303794518388
2024-12-01 05:30:52.000,53.43389361357864
2024-12-01 05:31:04.000,53.42093912981204
2024-12-01 05:31:24.000,53.39832080038023
2024-12-01 05:41:31.000,52.938758636932334
2024-12-01 06:05:00.000,53.517148013825285
2024-12-01 06:05:10.000,53.517969163144784
2024-12-01 06:10:29.000,53.5404773629457
2024-12-01 06:28:00.000,53.68397740724292
2024-12-01 06:39:07.000,53.6706375167295
2024-12-01 06:39:18.000,53.66004625139518
2024-12-01 06:48:12.000,53.47136444814458
2024-12-01 07:08:06.000,53.222236097464474
2024-12-01 07:13:04.000,53.58117702088425
2024-12-01 07:13:15.000,53.591779033720684
2024-12-01 07:22:40.000,53.443620989834436
2024-12-01 07:46:30.000,53.263205301106225
2024-12-01 07:47:11.000,53.310813420883285
2024-12-01 07:47:21.000,53.32197522285377
2024-12-01 07:57:29.000,53.15015365427316
2024-12-01 08:11:53.000,53.04507663397894
2024-12-01 08:21:18.000,53.281201214377525
2024-12-01 08:21:29.000,53.28525706027278
2024-12-01 08:45:48.000,53.4463974998247
2024-12-01 08:55:16.000,53.634420015643265
2024-12-01 08:55:27.000,53.63928326934617
2024-12-01 09:14:39.000,53.403301501430164
2024-12-01 09:26:29.000,53.01144477941392
2024-12-01 09:29:24.000,52.924713726437325
2024-12-01 09:29:34.000,52.925564114048164
2024-12-01 09:58:41.000,52.81556542417962
2024-12-01 10:03:21.000,52.6694834920012
2024-12-01 10:03:32.000,52.66817323655192
2024-12-01 10:23:46.000,52.64685196225429
2024-12-01 10:37:29.000,52.726982057617064
2024-12-01 10:37:40.000,52.73176099337382
2024-12-01 10:54:28.000,52.98348555694332
2024-12-01 11:10:56.000,53.00332293710694
2024-12-01 11:11:27.000,53.0045730461861
2024-12-01 11:11:37.000,53.005240119632305
2024-12-01 11:38:52.000,52.93868523008121
2024-12-01 11:45:34.000,52.90460464616577
2024-12-01 11:45:45.000,52.89257294891255
2024-12-01 11:49:31.000,52.60200917095795
2024-12-01 11:56:33.000,52.57170220173695
2024-12-01 12:19:32.000,52.50330093777415
2024-12-01 12:19:42.000,52.49877455475586
2024-12-01 12:25:43.000,52.29191125195069
2024-12-01 12:50:45.000,52.196705421790384
2024-12-01 12:53:40.000,52.200531480532966
2024-12-01 12:53:49.000,52.20367762537459
2024-12-01 12:54:01.000,52.20822825215818
2024-12-01 13:25:55.000,52.90370643595119
2024-12-01 13:27:38.000,52.92338819922422
2024-12-01 13:27:48.000,52.925073326382545
2024-12-01 13:35:52.000,52.97102202179084
2024-12-01 14:01:25.000,53.00981801504505
2024-12-01 14:01:45.000,53.02731601053519
2024-12-01 14:01:56.000,53.037006438475544
2024-12-01 14:24:24.000,53.13695444384162
2024-12-01 14:35:53.000,53.04245821911291
2024-12-01 14:36:03.000,53.03627288873628
2024-12-01 14:44:07.000,52.86768559066797
2024-12-01 15:06:55.000,53.14287372211969
2024-12-01 15:09:50.000,52.93133922912483
2024-12-01 15:10:00.000,52.918731279429124
2024-12-01 15:14:18.000,52.68271510184196
2024-12-01 15:20:18.000,52.76592493162514
2024-12-01 15:43:58.000,53.32886748151656
2024-12-01 15:44:09.000,53.329900180395114
2024-12-01 15:56:09.000,53.41589295567932
2024-12-01 16:17:26.000,53.387000187671454
2024-12-01 16:17:57.000,53.36020639804946
2024-12-01 16:18:07.000,53.35205082815234
2024-12-01 16:30:07.000,53.54305905625952
2024-12-01 16:52:04.000,53.54773047284553
2024-12-01 16:52:15.000,53.54836731800331
2024-12-01 17:11:27.000,52.91689638367967
2024-12-01 17:26:02.000,53.31658203759641
2024-12-01 17:26:12.000,53.32083787682117
2024-12-01 17:51:25.000,53.01325208638556
2024-12-01 18:00:10.000,53.212560844170945
2024-12-01 18:00:20.000,53.215577155422096
2024-12-01 18:05:38.000,53.27076009490097
2024-12-01 18:33:36.000,53.609625266083164
2024-12-01 18:34:17.000,53.61198930284777
2024-12-01 18:44:17.000,53.22104792850213
2024-12-01 18:54:17.000,53.50491722623117
2024-12-01 19:04:17.000,52.990709347699344
2024-12-01 19:14:17.000,53.527535090949726
2024-12-01 19:24:17.000,53.294757887052334
2024-12-01 19:34:17.000,53.062510816166586
2024-12-01 19:44:17.000,53.115017046515575
2024-12-01 19:54:17.000,53.43840598191391
2024-12-01 20:04:17.000,52.92808579850452
2024-12-01 20:14:17.000,53.26579555015752
2024-12-01 20:24:17.000,53.537364275963725
2024-12-01 20:34:17.000,53.64911295004059
2024-12-01 20:44:17.000,53.737641999413455
2024-12-01 20:54:17.000,53.937574096181876
2024-12-01 21:04:17.000,53.80874032904634
2024-12-01 21:14:17.000,53.79720320995649
2024-12-01 21:24:17.000,53.61563344225989
2024-12-01 21:34:17.000,53.639502016226196
2024-12-01 21:44:17.000,53.83064706131552
2024-12-01 21:54:17.000,53.48293604146888
2024-12-01 22:04:17.000,53.202344774901526
2024-12-01 22:14:17.000,53.697998194919315
2024-12-01 22:24:17.000,53.161280913851364
2024-12-01 22:34:17.000,53.17601075919837
2024-12-01 22:44:17.000,53.413956043952275
2024-12-01 22:54:17.000,53.513657729148875
2024-12-01 23:04:17.000,53.530409322482
2024-12-01 23:14:17.000,53.53196311511571
2024-12-01 23:24:17.000,53.6467780647126
2024-12-01 23:34:17.000,53.21532691469465
2024-12-01 23:44:17.000,53.38856251672991
2024-12-01 23:54:17.000,52.84843766813967
2024-12-02 00:04:17.000,53.346384063721636
2024-12-02 00:14:17.000,52.93255400085799
2024-12-02 00:24:17.000,52.61744477569601
2024-12-02 00:34:17.000,52.819367621123234
